{"cameraMode":{"drawMode":0,"name":"Shaded","section":"Shading Mode"},"sceneLighting":false,"audioPlay":false,"sceneViewState":{"showFog":false,"showMaterialUpdate":false,"showSkybox":false,"showFlares":false,"showImageEffects":false,"showParticleSystems":false},"in2DMode":false,"pivot":{"x":15.721000671386719,"y":0.2538781762123108,"z":12.832048416137696},"rotation":{"x":-0.22809848189353944,"y":0.7494343519210815,"z":-0.3212840259075165,"w":-0.532078742980957},"size":0.7381249070167542,"orthographic":false}