{"cameraMode":{"drawMode":0,"name":"Shaded","section":"Shading Mode"},"sceneLighting":true,"audioPlay":false,"sceneViewState":{"showFog":false,"showMaterialUpdate":false,"showSkybox":false,"showFlares":false,"showImageEffects":false,"showParticleSystems":false},"in2DMode":false,"pivot":{"x":15.448257446289063,"y":1.1159218549728394,"z":15.759248733520508},"rotation":{"x":-0.0010661074193194509,"y":0.9801575541496277,"z":-0.19817715883255006,"w":-0.005280318204313517},"size":1.728724479675293,"orthographic":false}