{"cameraMode":{"drawMode":0,"name":"Shaded","section":"Shading Mode"},"sceneLighting":true,"audioPlay":false,"sceneViewState":{"showFog":false,"showMaterialUpdate":false,"showSkybox":false,"showFlares":false,"showImageEffects":false,"showParticleSystems":false},"in2DMode":false,"pivot":{"x":215.92755126953126,"y":142.43186950683595,"z":49.599853515625},"rotation":{"x":-0.2550259828567505,"y":0.029880724847316743,"z":-0.00788666121661663,"w":-0.9664445519447327},"size":132.4857940673828,"orthographic":false}