{"cameraMode":{"drawMode":0,"name":"Shaded","section":"Shading Mode"},"sceneLighting":true,"audioPlay":false,"sceneViewState":{"showFog":false,"showMaterialUpdate":false,"showSkybox":false,"showFlares":false,"showImageEffects":false,"showParticleSystems":false},"in2DMode":false,"pivot":{"x":0.6394361257553101,"y":0.6811553835868836,"z":0.32077646255493166},"rotation":{"x":-0.2550259828567505,"y":0.029880724847316743,"z":-0.00788666121661663,"w":-0.9664445519447327},"size":1.793116807937622,"orthographic":false}