{"cameraMode":{"drawMode":0,"name":"Shaded","section":"Shading Mode"},"sceneLighting":true,"audioPlay":false,"sceneViewState":{"showFog":false,"showMaterialUpdate":false,"showSkybox":false,"showFlares":false,"showImageEffects":false,"showParticleSystems":false},"in2DMode":false,"pivot":{"x":8.868888854980469,"y":-0.9448642730712891,"z":15.592935562133789},"rotation":{"x":-0.19320333003997804,"y":0.7055480480194092,"z":-0.21016132831573487,"w":-0.6486257314682007},"size":17.732463836669923,"orthographic":false}